"  ","Player","            ","Team","Score (Equal Weight S:P)","Equal Weight Ranking","Score (Weighted by S:P Ratio)","Ratio Ranking","Total Rushes Faced"
"<img src=""https://github.com/cnickol26/BigDataBowl2023/raw/main/Lineman%20Pictures/alexv.png"" height=""35""></img>'","Alejandro Villanueva","<img src=""https://github.com/cnickol26/BigDataBowl2023/raw/main/logos/ravens.png""  height=""30""></img>'","BAL",0.312,29,0.325,18,127
"<img src=""https://github.com/cnickol26/BigDataBowl2023/raw/main/Lineman%20Pictures/alexb.png"" height=""35""></img>'","Alex Bars","<img src=""https://github.com/cnickol26/BigDataBowl2023/raw/main/logos/bears.png"" height=""30"" ></img>'","CHI",-2.606,108,-1.437,107,10
"<img src=""https://github.com/cnickol26/BigDataBowl2023/raw/main/Lineman%20Pictures/alexl.png"" height=""35""></img>'","Alex Leatherwood","<img src=""https://github.com/cnickol26/BigDataBowl2023/raw/main/logos/raiders.png""  height=""30""></img>'","LV",-0.015,59,-0.003,54,80
"<img src=""https://github.com/cnickol26/BigDataBowl2023/raw/main/Lineman%20Pictures/andred.png"" height=""35""></img>'","Andre Dillard","<img src=""https://github.com/cnickol26/BigDataBowl2023/raw/main/logos/eagles.png""  height=""30""></img>'","PHI",0.489,22,0.26,24,67
"<img src=""https://github.com/cnickol26/BigDataBowl2023/raw/main/Lineman%20Pictures/andrewt.png"" height=""35""></img>'","Andrew Thomas","<img src=""https://github.com/cnickol26/BigDataBowl2023/raw/main/logos/giants.png""  height=""30""></img>'","NYG",-0.612,88,-0.14,73,92
"<img src=""https://github.com/cnickol26/BigDataBowl2023/raw/main/Lineman%20Pictures/andreww.png"" height=""35""></img>'","Andrew Whitworth","<img src=""https://github.com/cnickol26/BigDataBowl2023/raw/main/logos/rams.png""  height=""30""></img>'","LA",-0.139,70,0.202,27,102
"<img src=""https://github.com/cnickol26/BigDataBowl2023/raw/main/Lineman%20Pictures/austinj.png"" height=""35""></img>'","Austin Jackson","<img src=""https://github.com/cnickol26/BigDataBowl2023/raw/main/logos/dolphins.png""  height=""30""></img>'","MIA",0.652,13,0.435,13,74
"<img src=""https://github.com/cnickol26/BigDataBowl2023/raw/main/Lineman%20Pictures/billyt.png"" height=""35""></img>'","Billy Turner","<img src=""https://github.com/cnickol26/BigDataBowl2023/raw/main/logos/packers.png""  height=""30""></img>'","GB",0.944,7,0.242,25,83
"<img src=""https://github.com/cnickol26/BigDataBowl2023/raw/main/Lineman%20Pictures/blakeh.png"" height=""35""></img>'","Blake Hance","<img src=""https://github.com/cnickol26/BigDataBowl2023/raw/main/logos/browns.png""  height=""30""></img>'","CLE",0.085,48,-0.117,71,49
"<img src=""https://github.com/cnickol26/BigDataBowl2023/raw/main/Lineman%20Pictures/bobbyh.png"" height=""35""></img>'","Bobby Hart","<img src=""https://github.com/cnickol26/BigDataBowl2023/raw/main/logos/titans.png""  height=""30""></img>'","TEN",-0.633,89,-0.338,89,12
"<img src=""https://github.com/cnickol26/BigDataBowl2023/raw/main/Lineman%20Pictures/bobbym.png"" height=""35""></img>'","Bobby Massie","<img src=""https://github.com/cnickol26/BigDataBowl2023/raw/main/logos/broncos.png"" height=""30""></img>'","DEN",-0.095,66,0,52,116
"<img src=""https://github.com/cnickol26/BigDataBowl2023/raw/main/Lineman%20Pictures/bradens.png"" height=""35""></img>'","Braden Smith","<img src=""https://github.com/cnickol26/BigDataBowl2023/raw/main/logos/colts.png"" height=""30"" ></img>'","IND",1.159,5,0.625,5,23
"<img src=""https://github.com/cnickol26/BigDataBowl2023/raw/main/Lineman%20Pictures/bradyc.png"" height=""35""></img>'","Brady Christensen","<img src=""https://github.com/cnickol26/BigDataBowl2023/raw/main/logos/panthers.png""  height=""30""></img>'","CAR",0.41,26,0.469,8,35
"<img src=""https://github.com/cnickol26/BigDataBowl2023/raw/main/Lineman%20Pictures/brandonp.png"" height=""35""></img>'","Brandon Parker","<img src=""https://github.com/cnickol26/BigDataBowl2023/raw/main/logos/raiders.png""  height=""30""></img>'","LV",-0.125,67,0.014,49,49
"<img src=""https://github.com/cnickol26/BigDataBowl2023/raw/main/Lineman%20Pictures/brandons.png"" height=""35""></img>'","Brandon Shell","<img src=""https://github.com/cnickol26/BigDataBowl2023/raw/main/logos/seahawks.png""  height=""30""></img>'","SEA",0.425,24,0.2,28,56
"<img src=""https://github.com/cnickol26/BigDataBowl2023/raw/main/Lineman%20Pictures/briano.png"" height=""35""></img>'","Brian O'Neill","<img src=""https://github.com/cnickol26/BigDataBowl2023/raw/main/logos/vikings.png""  height=""30"" ></img>'","MIN",0.113,44,0.002,51,116
"<img src=""https://github.com/cnickol26/BigDataBowl2023/raw/main/Lineman%20Pictures/bryanb.png"" height=""35""></img>'","Bryan Bulaga","<img src=""https://github.com/cnickol26/BigDataBowl2023/raw/main/logos/chargers.png""  height=""30""></img>'","LAC",0.916,8,0.427,14,14
"<img src=""https://github.com/cnickol26/BigDataBowl2023/raw/main/Lineman%20Pictures/camr.png"" height=""35""></img>'","Cam Robinson","<img src=""https://github.com/cnickol26/BigDataBowl2023/raw/main/logos/jags.png""  height=""30""></img>'","JAX",-0.137,69,-0.207,77,106
"<img src=""https://github.com/cnickol26/BigDataBowl2023/raw/main/Lineman%20Pictures/camerone.png"" height=""35""></img>'","Cameron Erving","<img src=""https://github.com/cnickol26/BigDataBowl2023/raw/main/logos/panthers.png""  height=""30""></img>'","CAR",0.257,35,0.281,22,95
"<img src=""https://github.com/cnickol26/BigDataBowl2023/raw/main/Lineman%20Pictures/charlesl.png"" height=""35""></img>'","Charles Leno","<img src=""https://github.com/cnickol26/BigDataBowl2023/raw/main/logos/commanders.png"" height=""30"" ></img>'","WAS",0.521,20,0.275,23,117
"<img src=""https://github.com/cnickol26/BigDataBowl2023/raw/main/Lineman%20Pictures/charlieh.png"" height=""35""></img>'","Charlie Heck","<img src=""https://github.com/cnickol26/BigDataBowl2023/raw/main/logos/texans.png""  height=""30""></img>'","HOU",-0.707,94,-0.305,86,37
"<img src=""https://github.com/cnickol26/BigDataBowl2023/raw/main/Lineman%20Pictures/christiand.png"" height=""35""></img>'","Christian Darrisaw","<img src=""https://github.com/cnickol26/BigDataBowl2023/raw/main/logos/vikings.png""  height=""30"" ></img>'","MIN",-2.415,107,-1.518,108,32
"<img src=""https://github.com/cnickol26/BigDataBowl2023/raw/main/Lineman%20Pictures/christianh.png"" height=""35""></img>'","Christopher Hubbard","<img src=""https://github.com/cnickol26/BigDataBowl2023/raw/main/logos/browns.png""  height=""30""></img>'","CLE",-0.365,79,-0.176,75,10
"<img src=""https://github.com/cnickol26/BigDataBowl2023/raw/main/Lineman%20Pictures/chukwumao.png"" height=""35""></img>'","Chukwuma Okorafor","<img src=""https://github.com/cnickol26/BigDataBowl2023/raw/main/logos/steelers.png""  height=""30""></img>'","PIT",0.228,38,-0.052,61,71
"<img src=""https://github.com/cnickol26/BigDataBowl2023/raw/main/Lineman%20Pictures/corneliusl.png"" height=""35""></img>'","Cornelius Lucas","<img src=""https://github.com/cnickol26/BigDataBowl2023/raw/main/logos/commanders.png"" height=""30"" ></img>'","WAS",1.203,4,0.462,10,45
"<img src=""https://github.com/cnickol26/BigDataBowl2023/raw/main/Lineman%20Pictures/djh.png"" height=""35""></img>'","D.J. Humphries","<img src=""https://github.com/cnickol26/BigDataBowl2023/raw/main/logos/cardinals.png"" height=""30"" ></img>'","ARI",-0.562,86,-0.275,84,103
"<img src=""https://github.com/cnickol26/BigDataBowl2023/raw/main/Lineman%20Pictures/danm.png"" height=""35""></img>'","Dan Moore","<img src=""https://github.com/cnickol26/BigDataBowl2023/raw/main/logos/steelers.png""  height=""30""></img>'","PIT",0.549,18,0.402,15,112
"<img src=""https://github.com/cnickol26/BigDataBowl2023/raw/main/Lineman%20Pictures/darylw.png"" height=""35""></img>'","Daryl Williams","<img src=""https://github.com/cnickol26/BigDataBowl2023/raw/main/logos/bills.png"" height=""30"" ></img>'","BUF",-0.128,68,-0.057,64,56
"<img src=""https://github.com/cnickol26/BigDataBowl2023/raw/main/Lineman%20Pictures/davidq.png"" height=""35""></img>'","David Quessenberry","<img src=""https://github.com/cnickol26/BigDataBowl2023/raw/main/logos/titans.png""  height=""30""></img>'","TEN",0.024,56,0.113,38,113
"<img src=""https://github.com/cnickol26/BigDataBowl2023/raw/main/Lineman%20Pictures/diond.png"" height=""35""></img>'","Dion Dawkins","<img src=""https://github.com/cnickol26/BigDataBowl2023/raw/main/logos/bills.png"" height=""30"" ></img>'","BUF",0.095,46,-0.012,56,113
"<img src=""https://github.com/cnickol26/BigDataBowl2023/raw/main/Lineman%20Pictures/donovans.png"" height=""35""></img>'","Donovan Smith","<img src=""https://github.com/cnickol26/BigDataBowl2023/raw/main/logos/bucs.png"" height=""30"" ></img>'","TB",0.282,32,0.078,40,173
"<img src=""https://github.com/cnickol26/BigDataBowl2023/raw/main/Lineman%20Pictures/duaneb.png"" height=""35""></img>'","Duane Brown","<img src=""https://github.com/cnickol26/BigDataBowl2023/raw/main/logos/seahawks.png""  height=""30""></img>'","SEA",0.297,30,-0.016,57,87
"<img src=""https://github.com/cnickol26/BigDataBowl2023/raw/main/Lineman%20Pictures/elgtonj.png"" height=""35""></img>'","Elgton Jenkins","<img src=""https://github.com/cnickol26/BigDataBowl2023/raw/main/logos/packers.png""  height=""30""></img>'","GB",-0.357,78,-0.161,74,45
"<img src=""https://github.com/cnickol26/BigDataBowl2023/raw/main/Lineman%20Pictures/elijahw.png"" height=""35""></img>'","Elijah Wilkinson","<img src=""https://github.com/cnickol26/BigDataBowl2023/raw/main/logos/bears.png"" height=""30"" ></img>'","CHI",0.002,57,-0.071,66,27
"<img src=""https://github.com/cnickol26/BigDataBowl2023/raw/main/Lineman%20Pictures/ericf.png"" height=""35""></img>'","Eric Fisher","<img src=""https://github.com/cnickol26/BigDataBowl2023/raw/main/logos/colts.png"" height=""30"" ></img>'","IND",-0.688,93,-0.292,85,84
"<img src=""https://github.com/cnickol26/BigDataBowl2023/raw/main/Lineman%20Pictures/garettb.png"" height=""35""></img>'","Garett Bolles","<img src=""https://github.com/cnickol26/BigDataBowl2023/raw/main/logos/broncos.png"" height=""30""></img>'","DEN",-0.038,60,0.051,47,126
"<img src=""https://github.com/cnickol26/BigDataBowl2023/raw/main/Lineman%20Pictures/georgef.png"" height=""35""></img>'","George Fant","<img src=""https://github.com/cnickol26/BigDataBowl2023/raw/main/logos/jets.png""  height=""30""></img>'","NYJ",0.14,41,-0.224,80,100
"<img src=""https://github.com/cnickol26/BigDataBowl2023/raw/main/Lineman%20Pictures/germaini.png"" height=""35""></img>'","Germain Ifedi","<img src=""https://github.com/cnickol26/BigDataBowl2023/raw/main/logos/bears.png"" height=""30"" ></img>'","CHI",-0.346,76,-0.104,68,57
"<img src=""https://github.com/cnickol26/BigDataBowl2023/raw/main/Lineman%20Pictures/geronc.png"" height=""35""></img>'","Geron Christian","<img src=""https://github.com/cnickol26/BigDataBowl2023/raw/main/logos/texans.png""  height=""30""></img>'","HOU",-0.827,99,-0.423,97,50
"<img src=""https://github.com/cnickol26/BigDataBowl2023/raw/main/Lineman%20Pictures/isaiahw.png"" height=""35""></img>'","Isaiah Wynn","<img src=""https://github.com/cnickol26/BigDataBowl2023/raw/main/logos/pats.png""  height=""30""></img>'","NE",0.078,50,-0.334,88,129
"<img src=""https://github.com/cnickol26/BigDataBowl2023/raw/main/Lineman%20Pictures/jackc.png"" height=""35""></img>'","Jack Conklin","<img src=""https://github.com/cnickol26/BigDataBowl2023/raw/main/logos/browns.png""  height=""30""></img>'","CLE",-0.515,83,-0.203,76,48
"<img src=""https://github.com/cnickol26/BigDataBowl2023/raw/main/Lineman%20Pictures/jackd.png"" height=""35""></img>'","Jack Driscoll","<img src=""https://github.com/cnickol26/BigDataBowl2023/raw/main/logos/eagles.png""  height=""30""></img>'","PHI",1.949,2,0.99,2,15
"<img src=""https://github.com/cnickol26/BigDataBowl2023/raw/main/Lineman%20Pictures/jakem.png"" height=""35""></img>'","Jake Matthews","<img src=""https://github.com/cnickol26/BigDataBowl2023/raw/main/logos/falcons.png""  height=""30""></img>'","ATL",-0.736,96,-0.438,100,154
"<img src=""https://github.com/cnickol26/BigDataBowl2023/raw/main/Lineman%20Pictures/jamesh.png"" height=""35""></img>'","James Hudson","<img src=""https://github.com/cnickol26/BigDataBowl2023/raw/main/logos/browns.png""  height=""30""></img>'","CLE",-1.162,105,-0.567,103,29
"<img src=""https://github.com/cnickol26/BigDataBowl2023/raw/main/Lineman%20Pictures/jameshurst.png"" height=""35""></img>'","James Hurst","<img src=""https://github.com/cnickol26/BigDataBowl2023/raw/main/logos/saints.png""  height=""30""></img>'","NO",0.063,51,0.152,36,43
"<img src=""https://github.com/cnickol26/BigDataBowl2023/raw/main/Lineman%20Pictures/jasonp.png"" height=""35""></img>'","Jason Peters","<img src=""https://github.com/cnickol26/BigDataBowl2023/raw/main/logos/bears.png"" height=""30"" ></img>'","CHI",0.117,43,0.19,30,82
"<img src=""https://github.com/cnickol26/BigDataBowl2023/raw/main/Lineman%20Pictures/jawaant.png"" height=""35""></img>'","Jawaan Taylor","<img src=""https://github.com/cnickol26/BigDataBowl2023/raw/main/logos/jags.png""  height=""30""></img>'","JAX",0.055,53,0.053,46,97
"<img src=""https://github.com/cnickol26/BigDataBowl2023/raw/main/Lineman%20Pictures/jaylonm.png"" height=""35""></img>'","Jaylon Moore","<img src=""https://github.com/cnickol26/BigDataBowl2023/raw/main/logos/49ers.png"" height=""35""></img>'","SF",-0.634,90,-0.464,101,18
"<img src=""https://github.com/cnickol26/BigDataBowl2023/raw/main/Lineman%20Pictures/jedrickw.png"" height=""35""></img>'","Jedrick Wills","<img src=""https://github.com/cnickol26/BigDataBowl2023/raw/main/logos/browns.png""  height=""30""></img>'","CLE",-0.077,63,-0.109,69,53
"<img src=""https://github.com/cnickol26/BigDataBowl2023/raw/main/Lineman%20Pictures/jessed.png"" height=""35""></img>'","Jesse Davis","<img src=""https://github.com/cnickol26/BigDataBowl2023/raw/main/logos/dolphins.png""  height=""30""></img>'","MIA",0.898,9,0.442,12,76
"<img src=""https://github.com/cnickol26/BigDataBowl2023/raw/main/Lineman%20Pictures/joeh.png"" height=""35""></img>'","Joe Haeg","<img src=""https://github.com/cnickol26/BigDataBowl2023/raw/main/logos/steelers.png""  height=""30""></img>'","PIT",0.125,42,0.069,43,43
"<img src=""https://github.com/cnickol26/BigDataBowl2023/raw/main/Lineman%20Pictures/jonahw.png"" height=""35""></img>'","Jonah Williams","<img src=""https://github.com/cnickol26/BigDataBowl2023/raw/main/logos/bengals.png"" height=""30""></img>'","CIN",0.258,34,0.071,42,132
"<img src=""https://github.com/cnickol26/BigDataBowl2023/raw/main/Lineman%20Pictures/jordanm.png"" height=""35""></img>'","Jordan Mailata","<img src=""https://github.com/cnickol26/BigDataBowl2023/raw/main/logos/eagles.png""  height=""30""></img>'","PHI",0.28,33,-0.055,63,68
"<img src=""https://github.com/cnickol26/BigDataBowl2023/raw/main/Lineman%20Pictures/joshj.png"" height=""35""></img>'","Josh Jones","<img src=""https://github.com/cnickol26/BigDataBowl2023/raw/main/logos/cardinals.png"" height=""30"" ></img>'","ARI",-1.026,103,-0.388,92,29
"<img src=""https://github.com/cnickol26/BigDataBowl2023/raw/main/Lineman%20Pictures/juliend.png"" height=""35""></img>'","Julien Davenport","<img src=""https://github.com/cnickol26/BigDataBowl2023/raw/main/logos/colts.png"" height=""30"" ></img>'","IND",0.321,28,0.3,20,62
"<img src=""https://github.com/cnickol26/BigDataBowl2023/raw/main/Lineman%20Pictures/justinh.png"" height=""35""></img>'","Justin Herron","<img src=""https://github.com/cnickol26/BigDataBowl2023/raw/main/logos/pats.png""  height=""30""></img>'","NE",-0.653,91,-0.338,90,96
"<img src=""https://github.com/cnickol26/BigDataBowl2023/raw/main/Lineman%20Pictures/justinm.png"" height=""35""></img>'","Justin Murray","<img src=""https://github.com/cnickol26/BigDataBowl2023/raw/main/logos/cardinals.png"" height=""30"" ></img>'","ARI",-0.547,84,-0.211,78,18
"<img src=""https://github.com/cnickol26/BigDataBowl2023/raw/main/Lineman%20Pictures/kalebm.png"" height=""35""></img>'","Kaleb McGary","<img src=""https://github.com/cnickol26/BigDataBowl2023/raw/main/logos/falcons.png""  height=""30""></img>'","ATL",-0.473,81,-0.423,98,122
"<img src=""https://github.com/cnickol26/BigDataBowl2023/raw/main/Lineman%20Pictures/kelvinb.png"" height=""35""></img>'","Kelvin Beachum","<img src=""https://github.com/cnickol26/BigDataBowl2023/raw/main/logos/cardinals.png"" height=""30"" ></img>'","ARI",-0.157,71,-0.001,53,47
"<img src=""https://github.com/cnickol26/BigDataBowl2023/raw/main/Lineman%20Pictures/kendalll.png"" height=""35""></img>'","Kendall Lamm","<img src=""https://github.com/cnickol26/BigDataBowl2023/raw/main/logos/titans.png""  height=""30""></img>'","TEN",0.079,49,-0.059,65,17
"<img src=""https://github.com/cnickol26/BigDataBowl2023/raw/main/Lineman%20Pictures/koltonm.png"" height=""35""></img>'","Kolton Miller","<img src=""https://github.com/cnickol26/BigDataBowl2023/raw/main/logos/raiders.png""  height=""30""></img>'","LV",0.189,39,-0.02,58,142
"<img src=""https://github.com/cnickol26/BigDataBowl2023/raw/main/Lineman%20Pictures/laelc.png"" height=""35""></img>'","La'el Collins","<img src=""https://github.com/cnickol26/BigDataBowl2023/raw/main/logos/cowboys.png"" height=""30"" ></img>'","DAL",-0.488,82,-0.392,93,26
"<img src=""https://github.com/cnickol26/BigDataBowl2023/raw/main/Lineman%20Pictures/lanej.png"" height=""35""></img>'","Lane Johnson","<img src=""https://github.com/cnickol26/BigDataBowl2023/raw/main/logos/eagles.png""  height=""30""></img>'","PHI",0.353,27,0.162,34,60
"<img src=""https://github.com/cnickol26/BigDataBowl2023/raw/main/Lineman%20Pictures/laremyt.png"" height=""35""></img>'","Laremy Tunsil","<img src=""https://github.com/cnickol26/BigDataBowl2023/raw/main/logos/texans.png""  height=""30""></img>'","HOU",0.599,15,0.058,44,55
"<img src=""https://github.com/cnickol26/BigDataBowl2023/raw/main/Lineman%20Pictures/liame.png"" height=""35""></img>'","Liam Eichenberg","<img src=""https://github.com/cnickol26/BigDataBowl2023/raw/main/logos/dolphins.png""  height=""30""></img>'","MIA",-0.044,61,-0.12,72,121
"<img src=""https://github.com/cnickol26/BigDataBowl2023/raw/main/Lineman%20Pictures/lucasn.png"" height=""35""></img>'","Lucas Niang","<img src=""https://github.com/cnickol26/BigDataBowl2023/raw/main/logos/chiefs.png""  height=""30""></img>'","KC",0.257,36,0.219,26,63
"<img src=""https://github.com/cnickol26/BigDataBowl2023/raw/main/Lineman%20Pictures/marcusc.png"" height=""35""></img>'","Marcus Cannon","<img src=""https://github.com/cnickol26/BigDataBowl2023/raw/main/logos/texans.png""  height=""30""></img>'","HOU",-0.407,80,-0.412,95,46
"<img src=""https://github.com/cnickol26/BigDataBowl2023/raw/main/Lineman%20Pictures/mattn.png"" height=""35""></img>'","Matt Nelson","<img src=""https://github.com/cnickol26/BigDataBowl2023/raw/main/logos/lions.png""  height=""30""></img>'","DET",0.23,37,0.179,32,144
"<img src=""https://github.com/cnickol26/BigDataBowl2023/raw/main/Lineman%20Pictures/mattp.png"" height=""35""></img>'","Matt Peart","<img src=""https://github.com/cnickol26/BigDataBowl2023/raw/main/logos/giants.png""  height=""30""></img>'","NYG",-0.312,74,-0.274,83,54
"<img src=""https://github.com/cnickol26/BigDataBowl2023/raw/main/Lineman%20Pictures/mattpryor.png"" height=""35""></img>'","Matt Pryor","<img src=""https://github.com/cnickol26/BigDataBowl2023/raw/main/logos/colts.png"" height=""30"" ></img>'","IND",-0.98,102,-0.369,91,41
"<img src=""https://github.com/cnickol26/BigDataBowl2023/raw/main/Lineman%20Pictures/mekhib.png"" height=""35""></img>'","Mekhi Becton","<img src=""https://github.com/cnickol26/BigDataBowl2023/raw/main/logos/jets.png""  height=""30""></img>'","NYJ",0.497,21,0.574,6,13
"<img src=""https://github.com/cnickol26/BigDataBowl2023/raw/main/Lineman%20Pictures/michaelo.png"" height=""35""></img>'","Michael Onwenu","<img src=""https://github.com/cnickol26/BigDataBowl2023/raw/main/logos/pats.png""  height=""30""></img>'","NE",-0.787,97,-0.05,60,25
"<img src=""https://github.com/cnickol26/BigDataBowl2023/raw/main/Lineman%20Pictures/mikem.png"" height=""35""></img>'","Mike McGlinchey","<img src=""https://github.com/cnickol26/BigDataBowl2023/raw/main/logos/49ers.png"" height=""35""></img>'","SF",-0.091,65,-0.116,70,96
"<img src=""https://github.com/cnickol26/BigDataBowl2023/raw/main/Lineman%20Pictures/miker.png"" height=""35""></img>'","Mike Remmers","<img src=""https://github.com/cnickol26/BigDataBowl2023/raw/main/logos/chiefs.png""  height=""30""></img>'","KC",0.553,17,0.387,16,46
"<img src=""https://github.com/cnickol26/BigDataBowl2023/raw/main/Lineman%20Pictures/morganm.png"" height=""35""></img>'","Morgan Moses","<img src=""https://github.com/cnickol26/BigDataBowl2023/raw/main/logos/jets.png""  height=""30""></img>'","NYJ",0.539,19,0.058,45,88
"<img src=""https://github.com/cnickol26/BigDataBowl2023/raw/main/Lineman%20Pictures/nates.png"" height=""35""></img>'","Nate Solder","<img src=""https://github.com/cnickol26/BigDataBowl2023/raw/main/logos/giants.png""  height=""30""></img>'","NYG",0.285,31,0.296,21,109
"<img src=""https://github.com/cnickol26/BigDataBowl2023/raw/main/Lineman%20Pictures/orlandob.png"" height=""35""></img>'","Orlando Brown","<img src=""https://github.com/cnickol26/BigDataBowl2023/raw/main/logos/chiefs.png""  height=""30""></img>'","KC",-0.181,72,0.188,31,120
"<img src=""https://github.com/cnickol26/BigDataBowl2023/raw/main/Lineman%20Pictures/patrickm.png"" height=""35""></img>'","Patrick Mekari","<img src=""https://github.com/cnickol26/BigDataBowl2023/raw/main/logos/ravens.png""  height=""30""></img>'","BAL",-0.348,77,-0.052,62,85
"<img src=""https://github.com/cnickol26/BigDataBowl2023/raw/main/Lineman%20Pictures/peneis.png"" height=""35""></img>'","Penei Sewell","<img src=""https://github.com/cnickol26/BigDataBowl2023/raw/main/logos/lions.png""  height=""30""></img>'","DET",0.188,40,0.313,19,165
"<img src=""https://github.com/cnickol26/BigDataBowl2023/raw/main/Lineman%20Pictures/rashawns.png"" height=""35""></img>'","Rashawn Slater","<img src=""https://github.com/cnickol26/BigDataBowl2023/raw/main/logos/chargers.png""  height=""30""></img>'","LAC",0.086,47,0.126,37,136
"<img src=""https://github.com/cnickol26/BigDataBowl2023/raw/main/Lineman%20Pictures/rashodh.png"" height=""35""></img>'","Rashod Hill","<img src=""https://github.com/cnickol26/BigDataBowl2023/raw/main/logos/vikings.png""  height=""30"" ></img>'","MIN",-0.676,92,-0.266,82,87
"<img src=""https://github.com/cnickol26/BigDataBowl2023/raw/main/Lineman%20Pictures/rileyr.png"" height=""35""></img>'","Riley Reiff","<img src=""https://github.com/cnickol26/BigDataBowl2023/raw/main/logos/bengals.png"" height=""30""></img>'","CIN",-0.325,75,-0.078,67,122
"<img src=""https://github.com/cnickol26/BigDataBowl2023/raw/main/Lineman%20Pictures/robh.png"" height=""35""></img>'","Rob Havenstein","<img src=""https://github.com/cnickol26/BigDataBowl2023/raw/main/logos/rams.png""  height=""30""></img>'","LA",0.484,23,0.199,29,110
"<img src=""https://github.com/cnickol26/BigDataBowl2023/raw/main/Lineman%20Pictures/ronnies.png"" height=""35""></img>'","Ronnie Stanley","<img src=""https://github.com/cnickol26/BigDataBowl2023/raw/main/logos/ravens.png""  height=""30""></img>'","BAL",0.756,11,0.796,3,20
"<img src=""https://github.com/cnickol26/BigDataBowl2023/raw/main/Lineman%20Pictures/ryanr.png"" height=""35""></img>'","Ryan Ramczyk","<img src=""https://github.com/cnickol26/BigDataBowl2023/raw/main/logos/saints.png""  height=""30""></img>'","NO",0.625,14,0.171,33,76
"<img src=""https://github.com/cnickol26/BigDataBowl2023/raw/main/Lineman%20Pictures/samc.png"" height=""35""></img>'","Samuel Cosmi","<img src=""https://github.com/cnickol26/BigDataBowl2023/raw/main/logos/commanders.png"" height=""30"" ></img>'","WAS",0.582,16,0.074,41,66
"<img src=""https://github.com/cnickol26/BigDataBowl2023/raw/main/Lineman%20Pictures/spencerb.png"" height=""35""></img>'","Spencer Brown","<img src=""https://github.com/cnickol26/BigDataBowl2023/raw/main/logos/bills.png"" height=""30"" ></img>'","BUF",-0.889,100,-0.314,87,33
"<img src=""https://github.com/cnickol26/BigDataBowl2023/raw/main/Lineman%20Pictures/stormn.png"" height=""35""></img>'","Storm Norton","<img src=""https://github.com/cnickol26/BigDataBowl2023/raw/main/logos/chargers.png""  height=""30""></img>'","LAC",-0.791,98,-0.562,102,99
"<img src=""https://github.com/cnickol26/BigDataBowl2023/raw/main/Lineman%20Pictures/taylorl.png"" height=""35""></img>'","Taylor Lewan","<img src=""https://github.com/cnickol26/BigDataBowl2023/raw/main/logos/titans.png""  height=""30""></img>'","TEN",-0.556,85,-0.218,79,85
"<img src=""https://github.com/cnickol26/BigDataBowl2023/raw/main/Lineman%20Pictures/taylorm.png"" height=""35""></img>'","Taylor Moton","<img src=""https://github.com/cnickol26/BigDataBowl2023/raw/main/logos/panthers.png""  height=""30""></img>'","CAR",0.748,12,0.47,7,151
"<img src=""https://github.com/cnickol26/BigDataBowl2023/raw/main/Lineman%20Pictures/terences.png"" height=""35""></img>'","Terence Steele","<img src=""https://github.com/cnickol26/BigDataBowl2023/raw/main/logos/cowboys.png"" height=""30"" ></img>'","DAL",0.109,45,-0.231,81,77
"<img src=""https://github.com/cnickol26/BigDataBowl2023/raw/main/Lineman%20Pictures/terrona.png"" height=""35""></img>'","Terron Armstead","<img src=""https://github.com/cnickol26/BigDataBowl2023/raw/main/logos/saints.png""  height=""30""></img>'","NO",-0.005,58,-0.034,59,42
"<img src=""https://github.com/cnickol26/BigDataBowl2023/raw/main/Lineman%20Pictures/trentw.png"" height=""35""></img>'","Trent Williams","<img src=""https://github.com/cnickol26/BigDataBowl2023/raw/main/logos/49ers.png"" height=""35""></img>'","SF",-0.077,64,0.089,39,82
"<img src=""https://github.com/cnickol26/BigDataBowl2023/raw/main/Lineman%20Pictures/tristanw.png"" height=""35""></img>'","Tristan Wirfs","<img src=""https://github.com/cnickol26/BigDataBowl2023/raw/main/logos/bucs.png"" height=""30"" ></img>'","TB",-0.055,62,-0.007,55,169
"<img src=""https://github.com/cnickol26/BigDataBowl2023/raw/main/Lineman%20Pictures/tys.png"" height=""35""></img>'","Ty Sambrailo","<img src=""https://github.com/cnickol26/BigDataBowl2023/raw/main/logos/titans.png""  height=""30""></img>'","TEN",-0.295,73,0.006,50,26
"<img src=""https://github.com/cnickol26/BigDataBowl2023/raw/main/Lineman%20Pictures/tyrons.png"" height=""35""></img>'","Tyron Smith","<img src=""https://github.com/cnickol26/BigDataBowl2023/raw/main/logos/cowboys.png"" height=""30"" ></img>'","DAL",0.049,54,0.04,48,100
"<img src=""https://github.com/cnickol26/BigDataBowl2023/raw/main/Lineman%20Pictures/yasird.png"" height=""35""></img>'","Yasir Durant","<img src=""https://github.com/cnickol26/BigDataBowl2023/raw/main/logos/pats.png""  height=""30""></img>'","NE",-0.733,95,-0.421,96,15
"<img src=""https://github.com/cnickol26/BigDataBowl2023/raw/main/Lineman%20Pictures/yodnyc.png"" height=""35""></img>'","Yodny Cajuste","<img src=""https://github.com/cnickol26/BigDataBowl2023/raw/main/logos/pats.png""  height=""30""></img>'","NE",-1.167,106,-0.83,106,20
"<img src=""https://github.com/cnickol26/BigDataBowl2023/raw/main/Lineman%20Pictures/yoshn.png"" height=""35""></img>'","Yosuah Nijman","<img src=""https://github.com/cnickol26/BigDataBowl2023/raw/main/logos/packers.png""  height=""30""></img>'","GB",0.785,10,0.332,17,45
